title,price
"Energize Your Mind: Learn the Art of Mastering Your Thoughts, Feelings and Emotions",₹199.00
The Psychology of Money,₹190.00
KVS Pedagogy Master Book (Bilingual) Theory with Practice MCQ's,₹449.00
Doglapan: The Hard Truth about Life and Start-Ups,₹235.00
Atomic Habits: The life-changing million copy bestseller [Paperback] James Clear,₹372.00
"Do It Today: Overcome procrastination, improve productivity and achieve more meaningful things [Paperback] Foroux, Darius",₹98.00
"Life's Amazing Secrets: How to Find Balance and Purpose in Your Life | Inspirational Zen book on motivation, self-development & healthy living",₹143.00
Brijbhoomi Books And Handicrafts® Bhagavad Gita: Yatharoop,₹189.00
Indian Polity ( English| 6th Revised Edition) | UPSC | Civil Services Exam | State Administrative Exams,₹549.00
"Ikigai: The Japanese secret to a long and happy life [Hardcover] García, Héctor and Miralles, Francesc",₹332.00
Sree Iyer Who painted my money white: When greed drives everything else and everything has a price (Money Trilogy Book 1) (English),₹398.00
My First Library: Boxset of 10 Board Books for Kids,₹378.00
Get Epic Shit Done,₹194.00
Brain Activity Book for Kids - 200+ Activities for Age 3+,₹95.00
UGC NET /SET/JRF Paper 1 Teaching and Research Aptitude - 2019- 2021 fully solved papers including Oct- Dec 2021 | Includes National Education Policy 2020| Sixth Edition| By Pearson,₹338.00
The Power of Your Subconscious Mind,₹103.00
AIBE Bare Acts Combo without Notes 2023 EDITION- as per Bar Council of India Guidelines set of 18 Bare Acts covering 32 Acts - LATEST 2023 EDITION Paperback – 1 January 2023,"₹1,489.00"
Oswaal CBSE Sample Question Papers Class 10 Science Book for 2023 Board Exam (based on CBSE Sample Paper released on 16th September),₹216.00
How to Win Friends and Influence People: Original Edition | Premium Paperback,₹88.00
Sapiens: A Brief History of Humankind,₹243.00
"My First Mythology Tale (Illustrated) (Set of 5 Books) - Mahabharata, Krishna, Hanuman, Ganesha, Ramayana - Story Book for Kids - English Short Stories with Colourful Pictures - Read Aloud to Infants, Toddlers",₹171.00
"Grandma's Bag of Stories: Collection of 20+ Illustrated short stories, traditional Indian folk tales for all ages for children of all ages by Sudha Murty [Paperback] Sudha Murty",₹194.00
"The Power of Your Subconscious Mind (PREMIUM PAPERBACK, PENGUIN INDIA)",₹84.00
Word Power Made Easy By Norman Lewis (More than 700 Pages),₹89.00
28 Years UPSC Civil Services IAS Prelims Topic-wise Solved Papers 1 & 2 (1995 - 2022) 13th Edition,₹399.00
It Starts With Us,₹149.00
"Oswaal CBSE English, Science, Social Science & Math Standard Class 10 Sample Question Paper (Set of 4 Books) for 2023 Board Exam (based on CBSE Sample Paper released on 16th September)",₹888.00
BlackBook of English Vocabulary January 2022,₹271.00
The Almanack Of Naval Ravikant: A Guide to Wealth and Happiness,₹193.00
My First Book of Pencil Control : Practice Pattern Writing (Full Color Pages): Patterns Practice book for kids (Pattern Writing),₹84.00
